feature,block,n,r_half,r_sb,r_half_raw,r_sb_raw
C_n_communities,C,2595,0.9737057743155046,0.9866777378742714,0.9896518546402671,0.9947990170563765
C_community_entropy,C,2595,0.9437474968371985,0.9710597681775365,0.9531833415432184,0.9760305868573549
C_top_community_share,C,2595,0.9444798887188834,0.9714473203846321,0.9602570895111938,0.9797256641991197
C_anxiety_share,C,2595,0.9186522560484478,0.9576016218180716,0.8818798758752353,0.9372329096883356
C_diseng_share,C,2595,0.9324964295369583,0.9650692392331011,0.891690179425426,0.9427444188522078
C_post_share,C,2595,0.9103282539276055,0.9530595090723122,0.9267658779866147,0.9619911672455443
C_median_score,C,2595,0.8184637099445968,0.9001705180792781,0.7868572818212294,0.8807164285882262
C_neg_score_share,C,2595,0.7233673266873305,0.8394813055644875,0.7207966189288662,0.8377476001522319
C_selfpost_share,C,2595,0.8959358026772494,0.9451119615042864,0.9035623563588978,0.949338332249033
C_n_link_domains,C,2595,0.9458962427220337,0.9721959701190014,0.9310978248190989,0.9643196868147497
C_social_link_share,C,2595,0.7255440049213564,0.8409452356498134,0.5634414276014836,0.7207707531018592
C_edited_share,C,2595,0.6428207562075812,0.7825817317910202,0.6484245163458412,0.7867203016165298
C_community_churn,C,2595,0.7460974818522993,0.8545885777932885,0.7451235379252421,0.8539493299266494
C_communities_per_month,C,2595,0.9380442221771578,0.9680318038598509,0.9605204316626076,0.9798627100744305
P_rhythm_trough_depth,P,2595,0.8589252827444768,0.9241095279272098,0.823378343132627,0.9031349376652511
P_rhythm_strength,P,2595,0.8793345869745584,0.9357935442354123,0.8853419126307349,0.9391844595396092
P_hour_entropy,P,2595,0.6925961585163974,0.8183832333915672,0.6930868436203749,0.8187256858464836
P_night_share,P,2595,0.6833882997091626,0.8119199828432108,0.7201966224114627,0.8373422119639474
P_latenight_share,P,2595,0.7147769797696274,0.8336675710046615,0.6896109584274108,0.8162955560719843
P_workhours_share,P,2595,0.7659760858685297,0.8674818328491836,0.7668469327283709,0.8680400305466227
P_weekend_share,P,2595,0.819175770597486,0.9006010126535907,0.8194192924570088,0.9007481627288186
P_median_gap_s,P,2595,0.9380121840280898,0.9680147439305203,0.9788168696421876,0.9892950526737511
P_burst_share,P,2595,0.8887622403257547,0.9411054725156618,0.8706291420905554,0.9308409908738705
P_n_sessions,P,2595,0.9963435355925158,0.9981684192413312,0.9992540280736331,0.9996268748663791
P_items_per_session,P,2595,0.9453905309597193,0.971928788502255,0.958892318823604,0.9790148336478838
P_active_days,P,2595,0.9918912093643496,0.9959290996428273,0.998674678278228,0.9993368997285171
P_activity_density,P,2595,0.9371167742429957,0.9675377207026776,0.9713161829927058,0.9854494082406667
P_items_per_active_day,P,2595,0.9484080040807216,0.9735209484814141,0.9843516895954209,0.9921141446414825
P_reply_latency_med,P,337,0.41632448811175127,0.5878942171885999,0.38054473183162957,0.5512964890702876
P_fast_reply_share,P,337,0.20956691106200345,0.34651561504440137,0.2956539439551962,0.4563779477298761
S_reply_to_comment_share,S,2595,0.9367510277495555,0.9673427449660693,0.9367962712806291,0.9673668678236457
S_mean_depth,S,2457,0.6628167182973268,0.7972216192004983,0.5409482105716846,0.702097847105446
S_n_partners,S,2595,0.4687892777630202,0.6383342864226115,0.3735596694761423,0.5439292923016779
S_partners_per_item,S,2595,0.5499653183860336,0.7096485474380911,0.32066493536021096,0.4856113413395801
S_replies_received,S,2595,0.39507438951943863,0.5663846924399923,0.3769064768207175,0.5474685218868256
S_reply_ratio,S,2595,0.421165723865188,0.5927045900315281,0.2826518519747625,0.44073043131632883
S_mutual_partners,S,2595,0.6783825653577383,0.808376563674736,0.2174102066452492,0.35716836520428824
S_reciprocity,S,2595,0.6678305154652174,0.8008373863802769,0.19607291244324576,0.3278611368979556
S_n_threads,S,2595,0.9958782596756567,0.9979348738810285,0.9988779112310393,0.9994386406680188
S_items_per_thread,S,2595,0.9360031871005452,0.9669438494079653,0.9455765826919431,0.9720271009672847
T_tokens_total,T,2595,0.9743410038405332,0.9870037667710116,0.9825717596321694,0.9912092763940792
T_mean_tokens,T,2595,0.9076549009485566,0.9515923456566877,0.9246851559967914,0.9608690056300647
T_median_tokens,T,2595,0.8994631036609952,0.947070887481188,0.9186297748487392,0.9575894077023402
T_len_variability,T,2595,0.6664073795788776,0.7998132842490019,0.6673273541194849,0.8004755064693343
T_type_token_ratio,T,2595,0.9053285275445918,0.9503122579194193,0.9664287843532368,0.9829278253482214
T_self_sg,T,2595,0.9090437875007462,0.9523550936365213,0.9161045331965002,0.9562156107091178
T_self_pl,T,2595,0.675417420412393,0.8062676347798072,0.6757584479387451,0.8065105669256294
T_other_ref,T,2595,0.7597319484704056,0.86346326681263,0.7619582032646002,0.8648992942656926
T_second_person,T,2595,0.8558944209664735,0.9223524908499471,0.8613025375153136,0.9254836547583306
T_negation,T,2595,0.8490886109691714,0.9183860696909866,0.8489794931763647,0.9183222380881051
T_absolutist,T,2595,0.6397674612015474,0.7803148633437996,0.6420452596099662,0.7820067758211131
T_comparative,T,2595,0.42611588880071083,0.5975894275451235,0.43088588296234615,0.6022644965513088
T_past,T,2595,0.7507884670546712,0.8576575425102188,0.7524104940943167,0.8587148920072846
T_future,T,2595,0.5586049788512851,0.7168012247246703,0.5559949144519956,0.7146487553242562
T_uncertainty,T,2595,0.6860010476759727,0.8137611167224057,0.6857922049764206,0.813614160691902
T_exclusion_lex,T,2595,0.3897427642556218,0.5608847540420575,0.29929346627455666,0.46070187227634724
T_compulsion_lex,T,2595,0.6175468516642076,0.7635597708083035,0.3680442325199928,0.5380589658889032
T_somatic_lex,T,2595,0.6538961675142728,0.7907342436098,0.600677975819194,0.7505294442647397
T_sleep_lex,T,2595,0.5637703140697934,0.7210397959308383,0.546198403697569,0.706504938035628
T_affect_neg,T,2595,0.7977340118631728,0.8874883676883887,0.7966900860076264,0.8868419681414602
T_affect_pos,T,2595,0.6637115940585018,0.797868568601396,0.6636075510927003,0.7977933866155221
T_question_rate,T,2595,0.8053763495722651,0.8921977401144943,0.8048843833800999,0.8918957810170106
T_exclaim_rate,T,2595,0.8875679064724197,0.9404354708818403,0.8908650807378977,0.9422830743590055
T_ellipsis_rate,T,2595,0.8305417638990099,0.9074272767532775,0.804578559129354,0.8917079891689891
